14690,MONNFR21XXX,Monabanq.
14706,AGRIFRCC847,Caisse régionale de crédit agricole mutuel Atlantique Vendée
14707,CCBPFRPPMTZ,Banque populaire Alsace Lorraine Champagne
14806,AGRIFRCC848,Caisse régionale de crédit agricole mutuel Centre Loire
14879,BKIDFRPPXXX,Bank of India
14908,POSOMCM1XXX,Banca popolare di Sondrio (Suisse)
14940,CFFIFR2LXXX,Cofidis
15068,PICTFRPPXXX,Pictet & Cie (Europe) SA
15128,VOWAFR21XXX,Volkswagen bank GmbH
15208,CRMPFRP1XXX,Crédit municipal de Paris
15250,SMBCFRPPGEB,Sumitomo Mitsui banking corporation Europe limited
15298,DISFFRPPXXX,RBC Investor services bank France SA
15448,CNFSFR21XXX,CNH Industrial Financial Services
15519,CRMUFRCCCMO,Caisse fédérale du crédit mutuel Océan
15629,CMCIFRCPCMN,Caisse fédérale du crédit mutuel Nord Europe
13807,CCBPFRPPNAN,Banque populaire Atlantique
13906,AGRIFRCC839,Caisse régionale de crédit agricole mutuel Sud Rhône-Alpes
14006,AGRIGPGXXXX,Caisse régionale de crédit agricole mutuel de la Guadeloupe
14040,GOLDFRP1XXX,Goldman Sachs Paris Inc et Cie
14120,LEGRFRP1XXX,GRESHAM Banque
14139,NBPAFRPPXXX,National bank of Pakistan
14388,DXMAFRCCXXX,Caisse Française de Financement Local
14406,AGRIFRCC844,Caisse régionale de crédit agricole mutuel Val de France
14506,AGRIFRCC845,Caisse régionale de crédit agricole mutuel Loire Haute-Loire
14508,BAERMCMCXXX,ING bank (Monaco) S.A.M.
14568,HANDFRPPXXX,Svenska handelsbanken AB (publ)
14607,CCBPFRPPMAR,BANQUE POPULAIRE MEDITERRANEE
14628,GRCSFRP1XXX,Banque du groupe Casino
17789,DEUTFRPPSEC,Deutsche bank AG
17799,SEPBFRPPXXX,Bank Sepah
17806,AGRIFRCC878,Caisse régionale de crédit agricole mutuel Centre-Est
17807,CCBPFRPPTLS,Banque populaire Occitane
17839,GMACFR21XXX,GMAC Banque
17906,AGRIFRCC879,Caisse régionale de crédit agricole mutuel de l'Anjou et du Maine
17919,QNBAFRPPXXX,Qatar national bank
17959,BAMYFR22XXX,Banque Michel Inchauspé - BAMI
17979,ARABFRPPXXX,Europe arab bank PLC
18050,CCMLFR21XXX,Caisse de crédit municipal de Lyon
18059,MIDLFRCPXXX,HSBC bank plc
18079,SOGEGPGPXXX,Société générale de banque aux Antilles
18089,AUDIFRPPXXX,Bank Audi France
18106,AGRIFRCC881,Caisse régionale de crédit agricole mutuel des Savoie
18129,ISAEFRPPXXX,CACEIS Bank
18189,CGCPFRPLXXX,Compagnie générale de crédit aux particuliers - Crédipar
18206,AGRIFRCC892,Caisse régionale de crédit agricole mutuel de Paris et d'Ile-de-France
18306,AGRIFRCC883,Caisse régionale de crédit agricole mutuel Normandie-Seine
18329,SBINFRPPXXX,State bank of India
18359,CPMEFRPPXXX,Bpifrance Financement
18370,GPBAFRPPXXX,ORANGE BANK
18450,CMROFR21XXX,Caisse de crédit municipal de Roubaix
18470,CCMTFR21XXX,Caisse de crédit municipal de Nantes
18529,MHCBFRPP,Mizuho bank ltd Paris branch
18569,BMISFRPPXXX,Banque Misr
18609,CCIFFRPPXXX,Caisse centrale du crédit immobilier de France-3CIF
13369,BMMMFRCPXXX,Rothschild Martin Maurel
18689,FRAFFRPPXXX,Fransabank France S.A.
18706,AGRIFRCC887,Caisse régionale de crédit agricole mutuel Brie Picardie
15668,BNPAFRPLXXX,BNP Paribas home loan SFH
15798,FBNIFRPPXXX,FBN bank (UK) Ltd
15818,BIKCFRP1XXX,Binckbank NV
15868,SXFRFRP1XXX,Saxo banque (France)
15968,GSCFFR22XXX,Société Générale SCF
16006,AGRIFRCC860,Caisse régionale de crédit agricole mutuel du Morbihan
16038,DXPBMCMXXXX,BANQUE HAVILLAND (MONACO) S.A.M.
16048,ECOCFRPPXXX,Ebi SA
16078,BNPAFRPSXXX,BNP Paribas Public Sector SCF
16106,AGRIFRCC861,Caisse régionale de crédit agricole mutuel de Lorraine
16158,BGFIFRPPXXX,BGFIBANK EUROPE
16170,CMUBFR21XXX,Caisse de crédit municipal de Boulogne-sur-Mer
16218,BFOBFRP1XXX,Bforbank
16560,CCMOFR21XXX,Caisse de crédit municipal de Bordeaux
16606,AGRIFRCC866,Caisse régionale de crédit agricole mutuel de Normandie
16607,CCBPFRPPPPG,Banque populaire du Sud
16706,AGRIFRCC867,Caisse régionale de crédit agricole mutuel Nord de France
16707,CCBPFRPPREN,Banque populaire de l'Ouest
16806,AGRIFRCC868,Caisse régionale de crédit agricole mutuel de Centre France - Crédit agricole Centre France (3ème du nom)
16807,CCBPFRPPGRE,BANQUE POPULAIRE AUVERGNE RHONE ALPES
16850,AGRIFRP1EFG,Crédit agricole leasing & factoring
16906,AGRIFRCC869,Caisse régionale de crédit agricole mutuel Pyrénées-Gascogne
16989,CAVNFR21XXX,Mobilis banque
17106,AGRIFRCC871,Caisse régionale de crédit agricole mutuel Sud-Méditerranée (Ariège et Pyrénées-Orientales)
17149,CCBPFRPP149,Caisse régionale de crédit maritime mutuel de Bretagne-Normandie
17150,CCUTFR21XXX,Caisse de crédit municipal de Toulon
17169,CCBPFRPP169,Caisse régionale de crédit maritime mutuel du littoral du sud ouest
17179,CMMMFR21XXX,Caisse régionale de crédit maritime mutuel de la Méditerranée
17206,AGRIFRCC872,Caisse régionale de crédit agricole mutuel Alsace Vosges
17219,CCBPFRPP219,Caisse régionale de crédit maritime mutuel Atlantique
17290,CLFRFRCCXXX,Dexia crédit local
17439,SODIRER1XXX,Société financière pour le développement de la Réunion (S.O.F.I.D.E.R.)
17519,BACPFRPPXXX,Banque centrale de compensation
17569,CMBMMCMXXXX,Compagnie monegasque de banque
17599,BLOMFRPPXXX,Blom bank France
17619,BEMOFRPPXXX,BEMO EUROPE - BANQUE PRIVEE
17620,CCMNFR21XXX,Caisse de crédit municipal de Nîmes
17649,REVIFRPPXXX,Banque Revillon
17679,SEBXFRP1XXX,Société de banque et d'expansion - S.B.E. (2ème du nom)
17779,SBAAFRPPXXX,Banque SBA
18707,CCBPFRPPVER,Banque populaire Val de France (2ème du nom)
18719,BFCORERXXXX,Banque Française Commerciale Océan Indien
18759,EFGBMCMCXXX,EFG Bank (Monaco)
18769,BKCHFRPPXXX,Bank of China limited
18789,ICBCFRPPXXX,"Mega international commercial bank Co, Ltd"
18869,FEMUFR21BDF,Banque française mutualiste - B.F.M.
18950,CSCAFR21XXX,Caisse de crédit municipal d'Avignon
18979,ABCOFRPPXXX,ABC international bank plc
19000,IVSTFRP1SMA,Société auxiliaire d'études et d'investissements mobiliers - Investimo
19069,KBLXFRPPXXX,KBL Richelieu banque privée
19106,AGRIFRCC891,Caisse régionale de crédit agricole mutuel Provence-Côte d'Azur (Alpes de Haute-Provence-Alpes-maritimes-Var)
19229,BSABFRPPXXX,Banco de Sabadell
19406,AGRIFRCC894,Caisse régionale de crédit agricole mutuel de la Touraine et du Poitou
19460,SFAXFRPPXXX,Sofax banque
19506,AGRIFRCC895,Caisse régionale de crédit agricole mutuel du Centre Ouest
19570,UFIFFRP1XXX,Union financière de France banque
19806,AGRIMQMXXXX,Caisse régionale de crédit agricole mutuel de la Martinique et de la Guyane
19870,SOAPFR22XXX,Carrefour banque
19906,AGRIRERXXXX,Caisse régionale de crédit agricole mutuel de la Réunion
12869,BACCFR22XXX,ONEY BANK
12879,DELUFR22LCH,Banque Delubac et Cie
12906,AGRIFRCC829,Caisse régionale de crédit agricole mutuel du Finistère
12939,BDUPFR2SXXX,Banque Dupuy de Parseval
13106,AGRIFRCC831,Caisse régionale de crédit agricole mutuel Toulouse 31
13149,EDELFRP1XXX,Banque Edel SNC
13168,PSABFRPPXXX,Banque PSA finance
13179,FIDCFR21XXX,Banque Fiducial
13259,KOLBFR21XXX,Banque Kolb
13298,CMCIFR2ABCM,Banque commerciale du marché nord Europe-BCMNE
13306,AGRIFRCC833,Caisse régionale de crédit agricole mutuel d'Aquitaine
13338,KBLXMCMCXXX,KBL Monaco private bankers
13368,SGBTMCMCXXX,Société Générale Bank & Trust (Monaco)
13379,BMRZFR21XXX,Banque Marze
13488,BLICMCMCXXX,HSBC Private bank (Monaco) S.A.
13489,BNUGFR21XXX,Banque Nuger
13506,AGRIFRCC835,Caisse régionale de crédit agricole mutuel du Languedoc
13507,CCBPFRPPLIL,Banque populaire du Nord
13528,UNCRFRPPXXX,Unicredit SpA
13558,AUXPFR21XXX,Auxifip
13579,BSAOFR21XXX,Banque Saint-Olive
13580,FACFFRPPXXX,FACTOFRANCE
13606,AGRIFRCC836,Caisse régionale de crédit agricole mutuel d'Ille-et-Vilaine
13688,ISBKFRPPXXX,Isbank AG
20041,PSSTFRPPXXX,La Banque Postale
21670,CPBIFRPPXXX,CP Or devises
21990,FIPIFRP1XXX,Banque Leonardo
22040,CMCIFRPACCM,Confédération Nationale du Crédit Mutuel
23779,BYBBFRPPXXX,Byblos bank Europe
23890,BCMAFRPPXXX,Attijariwafa bank europe
24659,BCIBFRP1XXX,Banque Chabrières
27800,KREDFRPPXXX,KBC bank
28570,CMDIFR21XXX,Caisse de crédit municipal de Dijon
30002,CRLYFRPPXXX,Crédit lyonnais
30003,SOGEFRPPXXX,Société générale
30004,BNPAFRPPXXX,BNP Paribas
30006,AGRIFRCCNAT,Crédit Agricole S.A.
30007,NATXFRPPMAR,Natixis
30051,CFFOFRCCXXX,Compagnie de financement foncier
30056,CCFRFRPPXXX,HSBC France
30066,CMCIFRCPCIC,Crédit industriel et commercial - CIC
30076,NORDFRPPXXX,Crédit du Nord
30077,SMCTFR2AXXX,Société marseillaise de crédit
30258,BATIFRP1XXX,Banque du bâtiment et des travaux publics - BTP banque
30438,INGBFRPPXXX,ING Bank NV
30478,MONTFRPPXXX,Monte Paschi banque S.A.
30588,BARCFRPPXXX,Barclays bank plc
30628,CHASFRPPXXX,"JPMorgan Chase bank, National Association"
30748,LAZPFRCCXXX,Lazard frères banque
30758,UBSWFRPPXXX,UBS (France) S.A.
30788,NSMBFRPPXXX,Banque Neuflize OBC
31489,BSUIFRPPXXX,Crédit agricole corporate and investment bank
39996,AGRIFRPPXXX,Caisse Nationale de Crédit Agricole Mutuel - Organe Central du Réseau du Crédit Agricole Mutuel Code Créé pour les Besoins de la Commission Bancaire et de la DESM
10107,BREDFRPPXXX,BRED - Banque populaire
10128,BCITFRPPXXX,Intesa Sanpaolo SpA
10140,CCMRFR21XXX,Caisse de crédit municipal de Marseille
10188,BCHAFR21XXX,Banque Chalus
10206,AGRIFRCC802,Caisse régionale de crédit agricole mutuel du Nord Est
10207,CCBPFRPPMTG,Banque populaire Rives de Paris
10218,RABOFRPPXXX,Coöperatieve Rabobank U.A.
10228,LAYDFR2WXXX,Banque Laydernier
10268,COURFR2TXXX,Banque Courtois - successeurs de l'ancienne maison Courtois et Cie depuis 1760
10278,CMCIFRCPCEE,Caisse fédérale de crédit mutuel
10468,RALPFR2GXXX,Banque Rhône-Alpes - Groupe Crédit du Nord
10548,BSAVFR2CXXX,Banque de Savoie
10558,TARNFR2LXXX,Banque Tarneaud
10807,CCBPFRPPDJN,Banque populaire Bourgogne Franche-Comté
10907,CCBPFRPPBDX,Banque populaire Aquitaine Centre Atlantique
10918,CHDUFRPPXXX,Cholet Dupont
11006,AGRIFRCC810,Caisse régionale de crédit agricole mutuel de Champagne-Bourgogne
11188,RCINFRPPXXX,RCI Banque
11206,AGRIFRCC812,Caisse régionale de crédit agricole mutuel Nord Midi-Pyrénées
11210,RGFIFRPPXXX,Banque de réalisations de gestion et de financement - Régéfi
11238,SWILFRP1XXX,SwissLife banque privée
11306,AGRIFRCC813,Caisse régionale de crédit agricole mutuel d'Alpes-Provence
11307,CCBPFRPPCAS,CASDEN Banque Populaire
11438,HRFRFRP1XXX,Banque Hottinguer
11449,BDEIFRPPXXX,Banque Thémis
18169,CRESFRPPXXX,Crédit suisse (Luxembourg) S.A.
11518,SBOSFRP1XXX,State street banque S.A.
40398,BICFFRPPXXX,Banque internationale de commerce - BRED
40618,BOUSFRPPBDF,Boursorama
40978,BSPFFRPPXXX,Banque Palatine
41139,BRASFRPPXXX,Banco do Brasil AG
41219,BOFAFRPPXXX,Bank of America Merrill Lynch international limited
41249,BOTKFRCCXXX,The Bank of Tokyo - Mitsubishi UFJ Ltd
41329,PARBFRPHXXX,BNP Paribas securities services
41439,BCDMFRPPXXX,Banque Chaabi du Maroc
41539,AGRIFRP1ACF,CA Consumer Finance
41639,NBOKFRPPXXX,National bank of Kuwait (International) plc
41829,LICOFRPPXXX,Al Khaliji France
41919,BNPARERXPOR,BNP Paribas Réunion
42529,COFIFRCPXXX,Edmond de Rothschild (France)
42559,CCOPFRCPXXX,Crédit coopératif
42649,TRAVFRP1XXX,Banque Travelex S.A.
42799,MOEYFRPPMON,My Money Bank
42959,ELBAFRPPXXX,Electro Banque
43030,ALTRFRP1XXX,Banque Degroof Petercam France
43659,BESVFRPPYBF,Banque Espirito Santo et de la Vénétie
43789,SIFBFRP1FIT,Quilvest banque privée
43799,SIBLFRPPXXX,CA INDOSUEZ WEALTH (FRANCE)
43899,UBAFFRPPXXX,Union de banques arabes et françaises - U.B.A.F.
44269,BSIRFRPPXXX,Bank Saderat Iran
44729,BSCHFRPPXXX,Banco Santander SA
45539,CMCIFRCPCCM,Caisse centrale du crédit mutuel
45850,ODDOFRCPXXX,Oddo BHF SCA
50140,CMPCFRP1BDF,CMP-Banque
11668,BERLMCMCXXX,Edmond de Rothschild (Monaco)
11706,AGRIFRCC817,Caisse régionale de crédit agricole mutuel Charente-Maritime Deux-Sèvres
11833,ICBKFRPPXXX,Industrial and commercial bank of China (Europe) SA - ICBC (Europe) SA
11978,CMCIFRP1FAC,CM-CIC Factor
11999,UBSWMCMXXXX,Ubs (monaco) s.a.
12006,AGRIFRCC820,Caisse régionale de crédit agricole mutuel de la Corse
12179,BIARFRPPXXX,Banque BIA
12206,AGRIFRCC822,Caisse régionale de crédit agricole mutuel des Côtes-d'Armor
12240,AGFBFRCCXXX,Allianz banque
12249,BMCEFRPPXXX,BMCE Bank international plc
12280,SORMFR2NXXX,Socram banque
12406,AGRIFRCC824,Caisse régionale de crédit agricole mutuel Charente-Périgord (Crédit agricole Charente-Périgord)
12448,BAECMCMXXXX,Barclays bank plc monaco
12468,BCGEFR21XXX,Banque cantonale de Genève (France) S.A.
12506,AGRIFRCC825,Caisse régionale de crédit agricole mutuel de Franche-Comté
12518,KUTXFR21XXX,Kutxabank SA
12548,AXABFRPPXXX,Axa banque
12589,BBPIFRPPXXX,Banco BPI
12619,CGDIFRPPXXX,Caixa geral de depositos S.A.
12739,CFMOMCMXXXX,Credit foncier de monaco
11689,CITIFRPPSEC,CITIBANK EUROPE PUBLIC LIMITED COMPANY
16798,TRZOFR21XXX,Treezor SAS
14818,BREUFR22XXX,Unione di Banche Italiane S.p.A. (UBI BANCA)
000,BPOT BE B1,bpost bank
001,GEBA BE BB,BNP Paribas Fortis
002,GEBA BE BB,BNP Paribas Fortis
003,GEBA BE BB,BNP Paribas Fortis
004,GEBA BE BB,BNP Paribas Fortis
005,GEBA BE BB,BNP Paribas Fortis
006,GEBA BE BB,BNP Paribas Fortis
007,GEBA BE BB,BNP Paribas Fortis
008,GEBA BE BB,BNP Paribas Fortis
009,GEBA BE BB,BNP Paribas Fortis
010,GEBA BE BB,BNP Paribas Fortis
011,GEBA BE BB,BNP Paribas Fortis
012,GEBA BE BB,BNP Paribas Fortis
013,GEBA BE BB,BNP Paribas Fortis
014,GEBA BE BB,BNP Paribas Fortis
015,GEBA BE BB,BNP Paribas Fortis
016,GEBA BE BB,BNP Paribas Fortis
017,GEBA BE BB,BNP Paribas Fortis
018,GEBA BE BB,BNP Paribas Fortis
019,GEBA BE BB,BNP Paribas Fortis
020,GEBA BE BB,BNP Paribas Fortis
021,GEBA BE BB,BNP Paribas Fortis
022,GEBA BE BB,BNP Paribas Fortis
023,GEBA BE BB,BNP Paribas Fortis
024,GEBA BE BB,BNP Paribas Fortis
025,GEBA BE BB,BNP Paribas Fortis
026,GEBA BE BB,BNP Paribas Fortis
027,GEBA BE BB,BNP Paribas Fortis
028,GEBA BE BB,BNP Paribas Fortis
029,GEBA BE BB,BNP Paribas Fortis
030,GEBA BE BB,BNP Paribas Fortis
031,GEBA BE BB,BNP Paribas Fortis
032,GEBA BE BB,BNP Paribas Fortis
033,GEBA BE BB,BNP Paribas Fortis
034,GEBA BE BB,BNP Paribas Fortis
035,GEBA BE BB,BNP Paribas Fortis
036,GEBA BE BB,BNP Paribas Fortis
037,GEBA BE BB,BNP Paribas Fortis
038,GEBA BE BB,BNP Paribas Fortis
039,GEBA BE BB,BNP Paribas Fortis
040,GEBA BE BB,BNP Paribas Fortis
041,GEBA BE BB,BNP Paribas Fortis
042,GEBA BE BB,BNP Paribas Fortis
043,GEBA BE BB,BNP Paribas Fortis
044,GEBA BE BB,BNP Paribas Fortis
045,GEBA BE BB,BNP Paribas Fortis
046,GEBA BE BB,BNP Paribas Fortis
047,GEBA BE BB,BNP Paribas Fortis
048,GEBA BE BB,BNP Paribas Fortis
049,GEBA BE BB,BNP Paribas Fortis
050,GKCC BE BB,BELFIUS BANK
051,GKCC BE BB,BELFIUS BANK
052,GKCC BE BB,BELFIUS BANK
053,GKCC BE BB,BELFIUS BANK
054,GKCC BE BB,BELFIUS BANK
055,GKCC BE BB,BELFIUS BANK
056,GKCC BE BB,BELFIUS BANK
057,GKCC BE BB,BELFIUS BANK
058,GKCC BE BB,BELFIUS BANK
059,GKCC BE BB,BELFIUS BANK
060,GKCC BE BB,BELFIUS BANK
061,GKCC BE BB,BELFIUS BANK
062,GKCC BE BB,BELFIUS BANK
063,GKCC BE BB,BELFIUS BANK
064,GKCC BE BB,BELFIUS BANK
065,GKCC BE BB,BELFIUS BANK
066,GKCC BE BB,BELFIUS BANK
067,GKCC BE BB,BELFIUS BANK
068,GKCC BE BB,BELFIUS BANK
069,GKCC BE BB,BELFIUS BANK
070,GKCC BE BB,BELFIUS BANK
071,GKCC BE BB,BELFIUS BANK
072,GKCC BE BB,BELFIUS BANK
073,GKCC BE BB,BELFIUS BANK
074,GKCC BE BB,BELFIUS BANK
075,GKCC BE BB,BELFIUS BANK
076,GKCC BE BB,BELFIUS BANK
077,GKCC BE BB,BELFIUS BANK
078,GKCC BE BB,BELFIUS BANK
079,GKCC BE BB,BELFIUS BANK
080,GKCC BE BB,BELFIUS BANK
081,GKCC BE BB,BELFIUS BANK
082,GKCC BE BB,BELFIUS BANK
083,GKCC BE BB,BELFIUS BANK
084,GKCC BE BB,BELFIUS BANK
085,GKCC BE BB,BELFIUS BANK
086,GKCC BE BB,BELFIUS BANK
087,GKCC BE BB,BELFIUS BANK
088,GKCC BE BB,BELFIUS BANK
089,GKCC BE BB,BELFIUS BANK
090,GKCC BE BB,BELFIUS BANK
091,GKCC BE BB,BELFIUS BANK
092,GKCC BE BB,BELFIUS BANK
093,GKCC BE BB,BELFIUS BANK
094,GKCC BE BB,BELFIUS BANK
095,GKCC BE BB,BELFIUS BANK
096,GKCC BE BB,BELFIUS BANK
097,GKCC BE BB,BELFIUS BANK
098,GKCC BE BB,BELFIUS BANK
099,GKCC BE BB,BELFIUS BANK
100,NBBE BE BB 203,Nationale Bank van België
101,NBBE BE BB 203,Nationale Bank van België
102,nav,Uitwisselingscentrum en Verrekening (U.C.V.)
103,NICA BE BB,Crelan
104,NICA BE BB,Crelan
105,NICA BE BB,Crelan
106,NICA BE BB,Crelan
107,NICA BE BB,Crelan
108,NICA BE BB,Crelan
109,CTBK BE BX,Beobank
110,CTBK BE BX,Beobank
111,ABER BE 22,Bank J. Van Breda & C°
112,VRIJ,VRIJ
113,CTBK BE BX,Beobank
114,CTBK BE BX,Beobank
115,VRIJ,VRIJ
116,VRIJ,VRIJ
117,VRIJ,VRIJ
118,VRIJ,VRIJ
119,CTBK BE BX,Beobank
120,CTBK BE BX,Beobank
121,CTBK BE BX,Beobank
122,CTBK BE BX,Beobank
123,CTBK BE BX,Beobank
124,CTBK BE BX,Beobank
125,CPHB BE 75,Banque CPH
126,CPHB BE 75,Banque CPH
127,CTBK BE BX,Beobank
128,VRIJ,VRIJ
129,CTBK BE BX,Beobank
130,VRIJ,VRIJ
131,CTBK BE BX,Beobank
132,BNAG BE BB,Bank Nagelmackers
133,CTBK BE BX,Beobank
134,CTBK BE BX,Beobank
135,VRIJ,VRIJ
136,VRIJ,VRIJ
137,GEBA BE BB,BNP Paribas Fortis
138,NAP,Onbeschikbaar
139,VRIJ,VRIJ
140,GEBA BE BB,BNP Paribas Fortis
141,GEBA BE BB,BNP Paribas Fortis
142,GEBA BE BB,BNP Paribas Fortis
143,GEBA BE BB,BNP Paribas Fortis
144,GEBA BE BB,BNP Paribas Fortis
145,GEBA BE BB,BNP Paribas Fortis
146,GEBA BE BB,BNP Paribas Fortis
147,GEBA BE BB,BNP Paribas Fortis
148,GEBA BE BB,BNP Paribas Fortis
149,GEBA BE BB,BNP Paribas Fortis
150,BCMC BE BB,Bancontact - Mister Cash NV/SA
151,VRIJ,VRIJ
152,VRIJ,VRIJ
153,VRIJ,VRIJ
154,VRIJ,VRIJ
155,VRIJ,VRIJ
156,VRIJ,VRIJ
157,VRIJ,VRIJ
158,VRIJ,VRIJ
159,VRIJ,VRIJ
160,VRIJ,VRIJ
161,VRIJ,VRIJ
162,VRIJ,VRIJ
163,VRIJ,VRIJ
164,VRIJ,VRIJ
165,VRIJ,VRIJ
166,VRIJ,VRIJ
167,VRIJ,VRIJ
168,VRIJ,VRIJ
169,VRIJ,VRIJ
170,VRIJ,VRIJ
171,CPHB BE 75,
172,RABO BE 23,Coöperatieve Rabobank U.A.
173,RABO BE 23,Coöperatieve Rabobank U.A.
174,VRIJ,VRIJ
175,NAV,
176,BSCH BE BB RET,Santander Consumer Bank
177,VRIJ,VRIJ
178,COBA BE BX,Commerzbank
179,COBA BE BX,Commerzbank
180,VRIJ,VRIJ
181,VRIJ,VRIJ
182,VRIJ,VRIJ
183,BARB BE BB,Bank of Baroda
184,VRIJ,VRIJ
185,HBKA BE 22,Record Bank
186,VRIJ,VRIJ
187,VRIJ,VRIJ
188,VRIJ,VRIJ
189,SMBC BE BB,Sumitomo Mitsui Banking Corporation (SMBC)
190,CREG BE BB,
191,CREG BE BB,
192,CREG BE BB,
193,CREG BE BB,
194,CREG BE BB,
195,CREG BE BB,
196,CREG BE BB,
197,CREG BE BB,
198,CREG BE BB,
199,CREG BE BB,
200,GEBA BE BB,BNP Paribas Fortis
201,GEBA BE BB,BNP Paribas Fortis
202,GEBA BE BB,BNP Paribas Fortis
203,GEBA BE BB,BNP Paribas Fortis
204,GEBA BE BB,BNP Paribas Fortis
205,GEBA BE BB,BNP Paribas Fortis
206,GEBA BE BB,BNP Paribas Fortis
207,GEBA BE BB,BNP Paribas Fortis
208,GEBA BE BB,BNP Paribas Fortis
209,GEBA BE BB,BNP Paribas Fortis
210,GEBA BE BB,BNP Paribas Fortis
211,GEBA BE BB,BNP Paribas Fortis
212,GEBA BE BB,BNP Paribas Fortis
213,GEBA BE BB,BNP Paribas Fortis
214,GEBA BE BB,BNP Paribas Fortis
215,VRIJ,VRIJ
216,VRIJ,VRIJ
217,VRIJ,VRIJ
218,VRIJ,VRIJ
219,VRIJ,VRIJ
220,GEBA BE BB,BNP Paribas Fortis
221,GEBA BE BB,BNP Paribas Fortis
222,GEBA BE BB,BNP Paribas Fortis
223,GEBA BE BB,BNP Paribas Fortis
224,GEBA BE BB,BNP Paribas Fortis
225,GEBA BE BB,BNP Paribas Fortis
226,GEBA BE BB,BNP Paribas Fortis
227,GEBA BE BB,BNP Paribas Fortis
228,GEBA BE BB,BNP Paribas Fortis
229,GEBA BE BB,BNP Paribas Fortis
230,GEBA BE BB,BNP Paribas Fortis
231,GEBA BE BB,BNP Paribas Fortis
232,GEBA BE BB,BNP Paribas Fortis
233,GEBA BE BB,BNP Paribas Fortis
234,GEBA BE BB,BNP Paribas Fortis
235,GEBA BE BB,BNP Paribas Fortis
236,GEBA BE BB,BNP Paribas Fortis
237,GEBA BE BB,BNP Paribas Fortis
238,GEBA BE BB,BNP Paribas Fortis
239,GEBA BE BB,BNP Paribas Fortis
240,GEBA BE BB,BNP Paribas Fortis
241,GEBA BE BB,BNP Paribas Fortis
242,GEBA BE BB,BNP Paribas Fortis
243,GEBA BE BB,BNP Paribas Fortis
244,GEBA BE BB,BNP Paribas Fortis
245,GEBA BE BB,BNP Paribas Fortis
246,GEBA BE BB,BNP Paribas Fortis
247,GEBA BE BB,BNP Paribas Fortis
248,GEBA BE BB,BNP Paribas Fortis
249,GEBA BE BB,BNP Paribas Fortis
250,GEBA BE BB,BNP Paribas Fortis
251,GEBA BE BB,BNP Paribas Fortis
252,GEBA BE BB,BNP Paribas Fortis
253,GEBA BE BB,BNP Paribas Fortis
254,GEBA BE BB,BNP Paribas Fortis
255,GEBA BE BB,BNP Paribas Fortis
256,GEBA BE BB,BNP Paribas Fortis
257,GEBA BE BB,BNP Paribas Fortis
258,GEBA BE BB,BNP Paribas Fortis
259,GEBA BE BB,BNP Paribas Fortis
260,GEBA BE BB,BNP Paribas Fortis
261,GEBA BE BB,BNP Paribas Fortis
262,GEBA BE BB,BNP Paribas Fortis
263,GEBA BE BB,BNP Paribas Fortis
264,GEBA BE BB,BNP Paribas Fortis
265,GEBA BE BB,BNP Paribas Fortis
266,GEBA BE BB,BNP Paribas Fortis
267,GEBA BE BB,BNP Paribas Fortis
268,GEBA BE BB,BNP Paribas Fortis
269,GEBA BE BB,BNP Paribas Fortis
270,GEBA BE BB,BNP Paribas Fortis
271,GEBA BE BB,BNP Paribas Fortis
272,GEBA BE BB,BNP Paribas Fortis
273,GEBA BE BB,BNP Paribas Fortis
274,GEBA BE BB,BNP Paribas Fortis
275,GEBA BE BB,BNP Paribas Fortis
276,GEBA BE BB,BNP Paribas Fortis
277,GEBA BE BB,BNP Paribas Fortis
278,GEBA BE BB,BNP Paribas Fortis
279,GEBA BE BB,BNP Paribas Fortis
280,GEBA BE BB,BNP Paribas Fortis
281,GEBA BE BB,BNP Paribas Fortis
282,GEBA BE BB,BNP Paribas Fortis
283,GEBA BE BB,BNP Paribas Fortis
284,GEBA BE BB,BNP Paribas Fortis
285,GEBA BE BB,BNP Paribas Fortis
286,GEBA BE BB,BNP Paribas Fortis
287,GEBA BE BB,BNP Paribas Fortis
288,GEBA BE BB,BNP Paribas Fortis
289,GEBA BE BB,BNP Paribas Fortis
290,GEBA BE BB,BNP Paribas Fortis
291,GEBA BE BB,BNP Paribas Fortis
292,GEBA BE BB,BNP Paribas Fortis
293,GEBA BE BB,BNP Paribas Fortis
294,GEBA BE BB,BNP Paribas Fortis
295,GEBA BE BB,BNP Paribas Fortis
296,GEBA BE BB,BNP Paribas Fortis
297,GEBA BE BB,BNP Paribas Fortis
298,GEBA BE BB,BNP Paribas Fortis
299,BPOT BE B1,bpost bank
300,BBRU BE BB,ING België
301,BBRU BE BB,ING België
302,BBRU BE BB,ING België
303,BBRU BE BB,ING België
304,BBRU BE BB,ING België
305,BBRU BE BB,ING België
306,BBRU BE BB,ING België
307,BBRU BE BB,ING België
308,BBRU BE BB,ING België
309,BBRU BE BB,ING België
310,BBRU BE BB,ING België
311,BBRU BE BB,ING België
312,BBRU BE BB,ING België
313,BBRU BE BB,ING België
314,BBRU BE BB,ING België
315,BBRU BE BB,ING België
316,BBRU BE BB,ING België
317,BBRU BE BB,ING België
318,BBRU BE BB,ING België
319,BBRU BE BB,ING België
320,BBRU BE BB,ING België
321,BBRU BE BB,ING België
322,BBRU BE BB,ING België
323,BBRU BE BB,ING België
324,BBRU BE BB,ING België
325,BBRU BE BB,ING België
326,BBRU BE BB,ING België
327,BBRU BE BB,ING België
328,BBRU BE BB,ING België
329,BBRU BE BB,ING België
330,BBRU BE BB,ING België
331,BBRU BE BB,ING België
332,BBRU BE BB,ING België
333,BBRU BE BB,ING België
334,BBRU BE BB,ING België
335,BBRU BE BB,ING België
336,BBRU BE BB,ING België
337,BBRU BE BB,ING België
338,BBRU BE BB,ING België
339,BBRU BE BB,ING België
340,BBRU BE BB,ING België
341,BBRU BE BB,ING België
342,BBRU BE BB,ING België
343,BBRU BE BB,ING België
344,BBRU BE BB,ING België
345,BBRU BE BB,ING België
346,BBRU BE BB,ING België
347,BBRU BE BB,ING België
348,BBRU BE BB,ING België
349,BBRU BE BB,ING België
350,BBRU BE BB,ING België
351,BBRU BE BB,ING België
352,BBRU BE BB,ING België
353,BBRU BE BB,ING België
354,BBRU BE BB,ING België
355,BBRU BE BB,ING België
356,BBRU BE BB,ING België
357,BBRU BE BB,ING België
358,BBRU BE BB,ING België
359,BBRU BE BB,ING België
360,BBRU BE BB,ING België
361,BBRU BE BB,ING België
362,BBRU BE BB,ING België
363,BBRU BE BB,ING België
364,BBRU BE BB,ING België
365,BBRU BE BB,ING België
366,BBRU BE BB,ING België
367,BBRU BE BB,ING België
368,BBRU BE BB,ING België
369,BBRU BE BB,ING België
370,BBRU BE BB,ING België
371,BBRU BE BB,ING België
372,BBRU BE BB,ING België
373,BBRU BE BB,ING België
374,BBRU BE BB,ING België
375,BBRU BE BB,ING België
376,BBRU BE BB,ING België
377,BBRU BE BB,ING België
378,BBRU BE BB,ING België
379,BBRU BE BB,ING België
380,BBRU BE BB,ING België
381,BBRU BE BB,ING België
382,BBRU BE BB,ING België
383,BBRU BE BB,ING België
384,BBRU BE BB,ING België
385,BBRU BE BB,ING België
386,BBRU BE BB,ING België
387,BBRU BE BB,ING België
388,BBRU BE BB,ING België
389,BBRU BE BB,ING België
390,BBRU BE BB,ING België
391,BBRU BE BB,ING België
392,BBRU BE BB,ING België
393,BBRU BE BB,ING België
394,BBRU BE BB,ING België
395,BBRU BE BB,ING België
396,BBRU BE BB,ING België
397,BBRU BE BB,ING België
398,BBRU BE BB,ING België
399,BBRU BE BB,ING België
400,KRED BE BB,KBC Bank
401,KRED BE BB,KBC Bank
402,KRED BE BB,KBC Bank
403,KRED BE BB,KBC Bank
404,KRED BE BB,KBC Bank
405,KRED BE BB,KBC Bank
406,KRED BE BB,KBC Bank
407,KRED BE BB,KBC Bank
408,KRED BE BB,KBC Bank
409,KRED BE BB,KBC Bank
410,KRED BE BB,KBC Bank
411,KRED BE BB,KBC Bank
412,KRED BE BB,KBC Bank
413,KRED BE BB,KBC Bank
414,KRED BE BB,KBC Bank
415,KRED BE BB,KBC Bank
416,KRED BE BB,KBC Bank
417,KRED BE BB,KBC Bank
418,KRED BE BB,KBC Bank
419,KRED BE BB,KBC Bank
420,KRED BE BB,KBC Bank
421,KRED BE BB,KBC Bank
422,KRED BE BB,KBC Bank
423,KRED BE BB,KBC Bank
424,KRED BE BB,KBC Bank
425,KRED BE BB,KBC Bank
426,KRED BE BB,KBC Bank
427,KRED BE BB,KBC Bank
428,KRED BE BB,KBC Bank
429,KRED BE BB,KBC Bank
430,KRED BE BB,KBC Bank
431,KRED BE BB,KBC Bank
432,KRED BE BB,KBC Bank
433,KRED BE BB,KBC Bank
434,KRED BE BB,KBC Bank
435,KRED BE BB,KBC Bank
436,KRED BE BB,KBC Bank
437,KRED BE BB,KBC Bank
438,KRED BE BB,KBC Bank
439,KRED BE BB,KBC Bank
440,KRED BE BB,KBC Bank
441,KRED BE BB,KBC Bank
442,KRED BE BB,KBC Bank
443,KRED BE BB,KBC Bank
444,KRED BE BB,KBC Bank
445,KRED BE BB,KBC Bank
446,KRED BE BB,KBC Bank
447,KRED BE BB,KBC Bank
448,KRED BE BB,KBC Bank
449,KRED BE BB,KBC Bank
450,KRED BE BB,KBC Bank
451,KRED BE BB,KBC Bank
452,KRED BE BB,KBC Bank
453,KRED BE BB,KBC Bank
454,KRED BE BB,KBC Bank
455,KRED BE BB,KBC Bank
456,KRED BE BB,KBC Bank
457,KRED BE BB,KBC Bank
458,KRED BE BB,KBC Bank
459,KRED BE BB,KBC Bank
460,KRED BE BB,KBC Bank
461,KRED BE BB,KBC Bank
462,KRED BE BB,KBC Bank
463,KRED BE BB,KBC Bank
464,KRED BE BB,KBC Bank
465,KRED BE BB,KBC Bank
466,KRED BE BB,KBC Bank
467,KRED BE BB,KBC Bank
468,KRED BE BB,KBC Bank
469,KRED BE BB,KBC Bank
470,KRED BE BB,KBC Bank
471,KRED BE BB,KBC Bank
472,KRED BE BB,KBC Bank
473,KRED BE BB,KBC Bank
474,KRED BE BB,KBC Bank
475,KRED BE BB,KBC Bank
476,KRED BE BB,KBC Bank
477,KRED BE BB,KBC Bank
478,KRED BE BB,KBC Bank
479,KRED BE BB,KBC Bank
480,KRED BE BB,KBC Bank
481,KRED BE BB,KBC Bank
482,KRED BE BB,KBC Bank
483,KRED BE BB,KBC Bank
484,KRED BE BB,KBC Bank
485,KRED BE BB,KBC Bank
486,KRED BE BB,KBC Bank
487,KRED BE BB,KBC Bank
488,KRED BE BB,KBC Bank
489,KRED BE BB,KBC Bank
490,KRED BE BB,KBC Bank
491,KRED BE BB,KBC Bank
492,KRED BE BB,KBC Bank
493,KRED BE BB,KBC Bank
494,KRED BE BB,KBC Bank
495,KRED BE BB,KBC Bank
496,KRED BE BB,KBC Bank
497,KRED BE BB,KBC Bank
498,KRED BE BB,KBC Bank
499,KRED BE BB,KBC Bank
500,MTPS BE BB,Moneytrans Payment Services
501,DHBN BE BB,Demir-Halk Bank (Nederland) (DHB)
502,VRIJ,VRIJ
503,VRIJ,VRIJ
504,VRIJ,VRIJ
505,NAP,Onbeschikbaar
506,NAP,Onbeschikbaar
507,DIER BE 21,"Dierickx, Leys & Cie Effectenbank"
508,PARB BE BZ MDC,BNP Paribas Securities Services
509,ABNA BE 2A IPC,ABN AMRO Bank N.V.
510,VAPE BE 22,VAN DE PUT & CO Privaatbankiers
511,NAP,Onbeschikbaar
512,DNIB BE 21,NIBC BANK
513,SGPB BE 99,
514,PUIL BE BB,Puilaetco Dewaay Private Bankers
515,IRVT BE BB,The Bank of New York Mellon NV/SA
516,VRIJ,VRIJ
517,FORD BE 21,FCE Bank
518,VRIJ,VRIJ
519,BNYM BE BB,The Bank of New York Mellon
520,VRIJ,VRIJ
521,FVLB BE 22,F. van Lanschot Bankiers
522,UTWB BE BB,United Taiwan Bank
523,TRIO BE BB,Triodos Bank
524,WAFA BE BB,Attijariwafa bank Europe
525,FVLB BE 2E,F. van Lanschot Bankiers
526,VRIJ,VRIJ
527,VRIJ,VRIJ
528,VRIJ,VRIJ
529,NAV,Adyen B.V. - Belgian Branch
530,SHIZ BE BB,Shizuoka Bank (Europe)
531,NAP,Onbeschikbaar
532,VRIJ,VRIJ
533,VRIJ,VRIJ
534,VRIJ,VRIJ
535,FBHL BE 22,CREDIT EUROPE BANK NV
536,VRIJ,VRIJ
537,VRIJ,VRIJ
538,nav,Hoist KREDIT AB
539,NAP,Onbeschikbaar
540,UBIN BE 22,Union Bank of India
541,BKID BE 22,BANK OF INDIA
542,VRIJ,VRIJ
543,VRIJ,VRIJ
544,VRIJ,VRIJ
545,NAP,Onbeschikbaar
546,WAFA BE BB,Attijariwafa bank Europe
547,VRIJ,VRIJ
548,LOCY BE BB,Lombard Odier (Europe)
549,CHAS BE BX,JP Morgan Chase Bank
550,GKCC BE BB,BELFIUS BANK
551,GKCC BE BB,BELFIUS BANK
552,GKCC BE BB,BELFIUS BANK
553,GKCC BE BB,BELFIUS BANK
554,GKCC BE BB,BELFIUS BANK
555,GKCC BE BB,BELFIUS BANK
556,GKCC BE BB,BELFIUS BANK
557,GKCC BE BB,BELFIUS BANK
558,GKCC BE BB,BELFIUS BANK
559,GKCC BE BB,BELFIUS BANK
560,GKCC BE BB,BELFIUS BANK
561,VRIJ,VRIJ
562,GKCC BE BB,BELFIUS BANK
563,GKCC BE BB,BELFIUS BANK
564,GKCC BE BB,BELFIUS BANK
565,GKCC BE BB,BELFIUS BANK
566,GKCC BE BB,BELFIUS BANK
567,GKCC BE BB,BELFIUS BANK
568,GKCC BE BB,BELFIUS BANK
569,GKCC BE BB,BELFIUS BANK
570,CITI BE BX,Citibank Europe Plc - Belgium Branch
571,CITI BE BX,Citibank Europe Plc - Belgium Branch
572,CITI BE BX,Citibank Europe Plc - Belgium Branch
573,CITI BE BX,Citibank Europe Plc - Belgium Branch
574,CITI BE BX,Citibank Europe Plc - Belgium Branch
575,CITI BE BX,Citibank Europe Plc - Belgium Branch
576,CITI BE BX,Citibank Europe Plc - Belgium Branch
577,CITI BE BX,Citibank Europe Plc - Belgium Branch
578,CITI BE BX,Citibank Europe Plc - Belgium Branch
579,CITI BE BX,Citibank Europe Plc - Belgium Branch
580,VRIJ,VRIJ
581,MHCB BE BB,Mizuho Bank Europe N.V. Brussels Branch
582,VRIJ,VRIJ
583,DEGR BE BB,Banque Degroof Petercam Luxembourg
584,ICIC BE 2X,ICICI Bank UK Limited
585,RCBP BE BB,
586,CFFR BE B1,
587,BIBL BE 21,BinckBank
588,CMCI BE B1 BTB,Banque Transatlantique Belgium
589,VRIJ,VRIJ
590,BSCH BE BB,Santander Consumer Bank
591,BSCH BE BB,Santander Consumer Bank
592,BSCH BE BB,Santander Consumer Bank
593,BSCH BE BB,Santander Consumer Bank
594,BSCH BE BB,Santander Consumer Bank
595,CTBK BE BX,Beobank
596,CTBK BE BX,Beobank
597,CTBK BE BX,Beobank
598,CTBK BE BX,Beobank
599,CTBK BE BX,Beobank
600,CTBK BE BX,Beobank
601,CTBK BE BX,Beobank
602,NAP,Onbeschikbaar
603,VRIJ,VRIJ
604,VRIJ,VRIJ
605,BKCH BE BB,"Bank of China (Luxembourg) S.A., Brussels Branch"
606,VRIJ,VRIJ
607,ICBK BE BB,Industrial and Commercial Bank of China (Europe)
608,VRIJ,VRIJ
609,NAV,
610,DEUT BE BE,Deutsche Bank AG
611,DEUT BE BE,Deutsche Bank AG
612,DEUT BE BE,Deutsche Bank AG
613,DEUT BE BE,Deutsche Bank AG
614,VRIJ,VRIJ
615,BBRU BE BB,ING België
616,BBRU BE BB,ING België
617,BBRU BE BB,ING België
618,BBRU BE BB,ING België
619,BBRU BE BB,ING België
620,BBRU BE BB,ING België
621,BBRU BE BB,ING België
622,BBRU BE BB,ING België
623,VRIJ,VRIJ
624,GKCC BE BB,BELFIUS BANK
625,GKCC BE BB,BELFIUS BANK
626,VRIJ,VRIJ
627,VRIJ,VRIJ
628,VRIJ,VRIJ
629,VRIJ,VRIJ
630,BBRU BE BB,ING België
631,BBRU BE BB,ING België
632,VRIJ,VRIJ
633,VRIJ,VRIJ
634,BNAG BE BB,Bank Nagelmackers
635,BNAG BE BB,Bank Nagelmackers
636,BNAG BE BB,Bank Nagelmackers
637,VRIJ,VRIJ
638,GKCC BE BB,BELFIUS BANK
639,ABNA BE 2A MYO,ABN AMRO Bank N.V.
640,ADIA BE 22,KBC Bank N.V. Business Center Diamant
641,VRIJ,VRIJ
642,BBVA BE BB,Banco Bilbao Vizcaya Argentaria
643,BMPB BE BB,Banca Monte Paschi Belgio
644,VRIJ,VRIJ
645,JVBA BE 22,Bank J. Van Breda & C°
646,BNAG BE BB,Bank Nagelmackers
647,BNAG BE BB,Bank Nagelmackers
648,VRIJ,VRIJ
649,nav,
650,VRIJ,VRIJ
651,KEYT BE BB,Arkéa Direct Bank (nom commercial / commerciële naam: Keytrade Bank)
652,HBKA BE 22,Record Bank
653,VRIJ,VRIJ
654,VRIJ,VRIJ
655,VRIJ,VRIJ
656,VRIJ,VRIJ
657,GKCC BE BB,BELFIUS BANK
658,HABB BE BB,Habib Bank
659,VRIJ,VRIJ
660,VRIJ,VRIJ
661,VRIJ,VRIJ
662,VRIJ,VRIJ
663,BMEU BE B1,BMCE Euro Services
664,BCDM BE BB,Banque Chaabi du Maroc
665,VRIJ,VRIJ
666,nav,WORLDLINE NV
667,VRIJ,VRIJ
668,SBIN BE 2X,State Bank of India
669,nav,WORLDLINE NV
670,NYA,CNH Industrial Capital EUROPE
671,EURB BE 99,Europabank
672,GKCC BE BB,BELFIUS BANK
673,HBKA BE 22,Record Bank
674,ABNA BE 2A IDJ,ABN AMRO Bank N.V.
675,BYBB BE BB,Byblos Bank Europe
676,DEGR BE BB,Bank Degroof Petercam
677,CBPX BE 99,
678,DELE BE 22,Delen Private Bank
679,PCHQ BE BB,bpost
680,GKCC BE BB,BELFIUS BANK
681,VRIJ,VRIJ
682,GKCC BE BB,BELFIUS BANK
683,GKCC BE BB,BELFIUS BANK
684,VRIJ,VRIJ
685,BOFA BE 3X,Bank of Amerika Merrill Lynch International Ltd
686,BOFA BE 3X,Bank of Amerika Merrill Lynch International Ltd
687,MGTC BE BE,Euroclear Bank
688,SGAB BE B2,Société Générale (Paris)
689,VRIJ,VRIJ
690,VRIJ,VRIJ
691,VRIJ,VRIJ
692,VRIJ,VRIJ
693,BOTK BE BX,MUFG Bank (Europe)
694,DEUT BE BE,Deutsche Bank AG
695,VRIJ,VRIJ
696,CRLY BE BB,Crédit Agricole Corporate & Investment Bank
697,VRIJ,VRIJ
698,NATX BE B1,Natixis Bank
699,VRIJ,VRIJ
700,AXAB BE 22,AXA Bank Belgium
701,AXAB BE 22,AXA Bank Belgium
702,AXAB BE 22,AXA Bank Belgium
703,AXAB BE 22,AXA Bank Belgium
704,AXAB BE 22,AXA Bank Belgium
705,AXAB BE 22,AXA Bank Belgium
706,AXAB BE 22,AXA Bank Belgium
707,AXAB BE 22,AXA Bank Belgium
708,AXAB BE 22,AXA Bank Belgium
709,AXAB BE 22,AXA Bank Belgium
710,VRIJ,VRIJ
711,VRIJ,VRIJ
712,VRIJ,VRIJ
713,VRIJ,VRIJ
714,VRIJ,VRIJ
715,VRIJ,VRIJ
716,VRIJ,VRIJ
717,VRIJ,VRIJ
718,VRIJ,VRIJ
719,ABNA BE 2A XXX,ABN AMRO Bank N.V.
720,VRIJ,VRIJ
721,VRIJ,VRIJ
722,ABNA BE 2A IPC,ABN AMRO Bank N.V.
723,VRIJ,VRIJ
724,VRIJ,VRIJ
725,KRED BE BB,KBC Bank
726,KRED BE BB,KBC Bank
727,KRED BE BB,KBC Bank
728,CREG BE BB,
729,CREG BE BB,
730,KRED BE BB,KBC Bank
731,KRED BE BB,KBC Bank
732,CREG BE BB,
733,KRED BE BB,KBC Bank
734,KRED BE BB,KBC Bank
735,KRED BE BB,KBC Bank
736,KRED BE BB,KBC Bank
737,KRED BE BB,KBC Bank
738,KRED BE BB,KBC Bank
739,KRED BE BB,KBC Bank
740,KRED BE BB,KBC Bank
741,KRED BE BB,KBC Bank
742,CREG BE BB,
743,KRED BE BB,KBC Bank
744,KRED BE BB,KBC Bank
745,KRED BE BB,KBC Bank
746,KRED BE BB,KBC Bank
747,KRED BE BB,KBC Bank
748,KRED BE BB,KBC Bank
749,KRED BE BB,KBC Bank
750,AXAB BE 22,AXA Bank Belgium
751,AXAB BE 22,AXA Bank Belgium
752,AXAB BE 22,AXA Bank Belgium
753,AXAB BE 22,AXA Bank Belgium
754,AXAB BE 22,AXA Bank Belgium
755,AXAB BE 22,AXA Bank Belgium
756,AXAB BE 22,AXA Bank Belgium
757,AXAB BE 22,AXA Bank Belgium
758,AXAB BE 22,AXA Bank Belgium
759,AXAB BE 22,AXA Bank Belgium
760,AXAB BE 22,AXA Bank Belgium
761,AXAB BE 22,AXA Bank Belgium
762,AXAB BE 22,AXA Bank Belgium
763,AXAB BE 22,AXA Bank Belgium
764,AXAB BE 22,AXA Bank Belgium
765,AXAB BE 22,AXA Bank Belgium
766,AXAB BE 22,AXA Bank Belgium
767,AXAB BE 22,AXA Bank Belgium
768,AXAB BE 22,AXA Bank Belgium
769,AXAB BE 22,AXA Bank Belgium
770,AXAB BE 22,AXA Bank Belgium
771,AXAB BE 22,AXA Bank Belgium
772,AXAB BE 22,AXA Bank Belgium
773,AXAB BE 22,AXA Bank Belgium
774,AXAB BE 22,AXA Bank Belgium
775,GKCC BE BB,BELFIUS BANK
776,GKCC BE BB,BELFIUS BANK
777,GKCC BE BB,BELFIUS BANK
778,GKCC BE BB,BELFIUS BANK
779,GKCC BE BB,BELFIUS BANK
780,GKCC BE BB,BELFIUS BANK
781,GKCC BE BB,BELFIUS BANK
782,GKCC BE BB,BELFIUS BANK
783,GKCC BE BB,BELFIUS BANK
784,GKCC BE BB,BELFIUS BANK
785,GKCC BE BB,BELFIUS BANK
786,GKCC BE BB,BELFIUS BANK
787,GKCC BE BB,BELFIUS BANK
788,GKCC BE BB,BELFIUS BANK
789,GKCC BE BB,BELFIUS BANK
790,GKCC BE BB,BELFIUS BANK
791,GKCC BE BB,BELFIUS BANK
792,GKCC BE BB,BELFIUS BANK
793,GKCC BE BB,BELFIUS BANK
794,GKCC BE BB,BELFIUS BANK
795,GKCC BE BB,BELFIUS BANK
796,GKCC BE BB,BELFIUS BANK
797,GKCC BE BB,BELFIUS BANK
798,GKCC BE BB,BELFIUS BANK
799,GKCC BE BB,BELFIUS BANK
800,AXAB BE 22,AXA Bank Belgium
801,AXAB BE 22,AXA Bank Belgium
802,AXAB BE 22,AXA Bank Belgium
803,AXAB BE 22,AXA Bank Belgium
804,AXAB BE 22,AXA Bank Belgium
805,AXAB BE 22,AXA Bank Belgium
806,AXAB BE 22,AXA Bank Belgium
807,AXAB BE 22,AXA Bank Belgium
808,AXAB BE 22,AXA Bank Belgium
809,AXAB BE 22,AXA Bank Belgium
810,AXAB BE 22,AXA Bank Belgium
811,AXAB BE 22,AXA Bank Belgium
812,AXAB BE 22,AXA Bank Belgium
813,AXAB BE 22,AXA Bank Belgium
814,AXAB BE 22,AXA Bank Belgium
815,AXAB BE 22,AXA Bank Belgium
816,AXAB BE 22,AXA Bank Belgium
817,ISAE BE BB,CACEIS Bank Belgian Branch
818,VRIJ,VRIJ
819,VRIJ,VRIJ
820,VRIJ,VRIJ
821,VRIJ,VRIJ
822,VRIJ,VRIJ
823,BLUX BE 41,Banque de Luxembourg
824,NAV,ING Bank
825,DEUT BE BE,Deutsche Bank AG
826,DEUT BE BE,Deutsche Bank AG
827,VRIJ,VRIJ
828,HBKA BE 22,Record Bank
829,VRIJ,VRIJ
830,GKCC BE BB,BELFIUS BANK
831,GKCC BE BB,BELFIUS BANK
832,GKCC BE BB,BELFIUS BANK
833,GKCC BE BB,BELFIUS BANK
834,GKCC BE BB,BELFIUS BANK
835,GKCC BE BB,BELFIUS BANK
836,GKCC BE BB,BELFIUS BANK
837,GKCC BE BB,BELFIUS BANK
838,GKCC BE BB,BELFIUS BANK
839,GKCC BE BB,BELFIUS BANK
840,PRIB BE BB,Edmond de Rothschild (Europe)
841,VRIJ,VRIJ
842,VRIJ,VRIJ
843,VRIJ,VRIJ
844,RABO BE 22,Rabobank.be
845,DEGR BE BB,Bank Degroof Petercam
846,VRIJ,VRIJ
847,VRIJ,VRIJ
848,VRIJ,VRIJ
849,VRIJ,VRIJ
850,NICA BE BB,Crelan
851,NICA BE BB,Crelan
852,NICA BE BB,Crelan
853,NICA BE BB,Crelan
854,VRIJ,VRIJ
855,VRIJ,VRIJ
856,VRIJ,VRIJ
857,VRIJ,VRIJ
858,VRIJ,VRIJ
859,NICA BE BB,Crelan
860,NICA BE BB,Crelan
861,VRIJ,VRIJ
862,NICA BE BB,Crelan
863,NICA BE BB,Crelan
864,VRIJ,VRIJ
865,NICA BE BB,Crelan
866,NICA BE BB,Crelan
867,VRIJ,VRIJ
868,KRED BE BB,KBC Bank
869,VRIJ,VRIJ
870,BNAG BE BB,Bank Nagelmackers
871,BNAG BE BB,Bank Nagelmackers
872,BNAG BE BB,Bank Nagelmackers
873,PCHQ BE BB,bpost
874,BNAG BE BB,Bank Nagelmackers
875,VRIJ - LIBRE,VRIJ
876,MBWM BE BB,MeDirect Bank S.A.
877,BNAG BE BB,Bank Nagelmackers
878,BNAG BE BB,Bank Nagelmackers
879,BNAG BE BB,Bank Nagelmackers
880,HBKA BE 22,Record Bank
881,HBKA BE 22,Record Bank
882,HBKA BE 22,Record Bank
883,HBKA BE 22,Record Bank
884,HBKA BE 22,Record Bank
885,HBKA BE 22,Record Bank
886,HBKA BE 22,Record Bank
887,HBKA BE 22,Record Bank
888,HBKA BE 22,Record Bank
889,HBKA BE 22,Record Bank
890,VDSP BE 91,vdk bank
891,VDSP BE 91,vdk bank
892,VDSP BE 91,vdk bank
893,VDSP BE 91,vdk bank
894,VDSP BE 91,vdk bank
895,VDSP BE 91,vdk bank
896,VDSP BE 91,vdk bank
897,VDSP BE 91,vdk bank
898,VDSP BE 91,vdk bank
899,VDSP BE 91,vdk bank
900,NAP,Onbeschikbaar
901,NAP,Onbeschikbaar
902,NAP,Onbeschikbaar
903,VRIJ,VRIJ
904,VRIJ,VRIJ
905,VRIJ,VRIJ
906,CEKV BE 81,Centrale Kredietverlening (C.K.V.)
907,VRIJ,VRIJ
908,CEKV BE 81,Centrale Kredietverlening (C.K.V.)
909,VRIJ,VRIJ
910,HBKA BE 22,Record Bank
911,TUNZ BE B1,Ingenico Financial Solutions
912,nav,Hi - Media Porte Monnaie Electronique
913,EPBF BE BB,EPBF
914,FXBBBEBB,FX4BIZ
915,OONX BE BB,Oonex
916,GOCF BE B1,GOLD COMMODITIES FOREX (G.C.F.)
917,-,Buy Way Personal Finance
918,VRIJ,VRIJ
919,VRIJ,VRIJ
920,HBKA BE 22,Record Bank
921,HBKA BE 22,Record Bank
922,HBKA BE 22,Record Bank
923,HBKA BE 22,Record Bank
924,FMMS BE B1,Fimaser
925,HBKA BE 22,Record Bank
926,VRIJ,VRIJ
927,FETA LU LL BEL,RBC Investor Services Bank
928,VRIJ,VRIJ
929,HBKA BE 22,Record Bank
930,HBKA BE 22,Record Bank
931,HBKA BE 22,Record Bank
932,HBKA BE 22,Record Bank
933,HBKA BE 22,Record Bank
934,HBKA BE 22,Record Bank
935,HBKA BE 22,Record Bank
936,HBKA BE 22,Record Bank
937,HBKA BE 22,Record Bank
938,HBKA BE 22,Record Bank
939,HBKA BE 22,Record Bank
940,CLIQ BE B1,Banque Centrale de Compensation (Clearnet)
941,CVMC BE BB,C A Indosuez Wealth (Europe)
942,PUIL BE BB,Puilaetco Dewaay Private Bankers
943,nav,CNH Industrial Financial Services SAS
944,NYA,J.P. Morgan Europe Ltd .
945,JPMG BE BB,J.P. Morgan International Bank Limited
946,VRIJ,VRIJ
947,VRIJ,VRIJ
948,VRIJ,VRIJ
949,HSBC BE BB,HSBC Bank
950,CTBK BE BX,Beobank
951,CTBK BE BX,Beobank
952,CTBK BE BX,Beobank
953,CTBK BE BX,Beobank
954,CTBK BE BX,Beobank
955,CTBK BE BX,Beobank
956,CTBK BE BX,Beobank
957,CTBK BE BX,Beobank
958,CTBK BE BX,Beobank
959,CTBK BE BX,Beobank
960,ABNA BE 2A IPC,ABN AMRO Bank N.V.
961,HBKA BE 22,Record Bank
962,VRIJ,VRIJ
963,AXAB BE 22,AXA Bank Belgium
964,VRIJ,VRIJ
965,VRIJ,VRIJ
966,VRIJ,VRIJ
967,VRIJ,VRIJ
968,ENIB BE BB,
969,PUIL BE BB,Puilaetco Dewaay Private Bankers
970,HBKA BE 22,Record Bank
971,HBKA BE 22,Record Bank
972,NAP,Onbeschikbaar
973,ARSP BE 22,Argenta Spaarbank (ASPA)
974,VRIJ,VRIJ
975,AXAB BE 22,AXA Bank Belgium
976,HBKA BE 22,Record Bank
977,VRIJ,VRIJ
978,ARSP BE 22,Argenta Spaarbank (ASPA)
979,ARSP BE 22,Argenta Spaarbank (ASPA)
980,ARSP BE 22,Argenta Spaarbank (ASPA)
981,PCHQ BE BB,bpost
982,PCHQ BE BB,bpost
983,PCHQ BE BB,bpost
984,PCHQ BE BB,bpost
985,BPOT BE B1,bpost bank
986,BPOT BE B1,bpost bank
987,BPOT BE B1,bpost bank
988,BPOT BE B1,bpost bank
989,nav,bpost
990,nav,Bpost
991,nav,Bpost
992,nav,Bpost
993,nav,Bpost
994,nav,Bpost
995,nav,Bpost
996,nav,Bpost
997,nav,Bpost
998,nav,Bpost
999,nav,Bpost